30 Seconds to Mars,Muse
Arctic Monkeys,Coldplay
Arctic Monkeys,Franz Ferdinand
Arctic Monkeys,MGMT
Arctic Monkeys,Muse
Arctic Monkeys,Oasis
Arctic Monkeys,Placebo
Arctic Monkeys,The Killers
Arctic Monkeys,The Kooks
Arctic Monkeys,The Strokes
Britney Spears,Lady Gaga
Coldplay,Lady Gaga
Coldplay,Oasis
Coldplay,Placebo
Coldplay,The Killers
David Bowie,Radiohead
David Bowie,The Beatles
Death Cab for Cutie,Muse
Death Cab for Cutie,Radiohead
Death Cab for Cutie,The Beatles
Foo Fighters,Red Hot Chili Peppers
Franz Ferdinand,Muse
Green Day,Muse
Ke$ha,Lady Gaga
Kings of Leon,Arctic Monkeys
Kings of Leon,Coldplay
Kings of Leon,Muse
Kings of Leon,Radiohead
Kings of Leon,The Killers
Lady Gaga,Lily Allen
Lady Gaga,Paramore
Lady Gaga,Rihanna
Led Zeppelin,Pink Floyd
Led Zeppelin,The Beatles
MGMT,The Beatles
Metallica,Iron Maiden
Metallica,Muse
Muse,Coldplay
Muse,Foo Fighters
Muse,Incubus
Muse,Kasabian
Muse,Lady Gaga
Muse,Linkin Park
Muse,MGMT
Muse,Oasis
Muse,Pink Floyd
Muse,Placebo
Muse,Queen
Muse,System of a Down
Muse,The Killers
Muse,The Kooks
Muse,The Strokes
Nirvana,Arctic Monkeys
Nirvana,Coldplay
Nirvana,Foo Fighters
Nirvana,Muse
Nirvana,Oasis
Nirvana,Pearl Jam
Nirvana,Placebo
Nirvana,Radiohead
Nirvana,Red Hot Chili Peppers
Oasis,The Killers
Paramore,Muse
Pearl Jam,Radiohead
Placebo,The Killers
Radiohead,Arctic Monkeys
Radiohead,Coldplay
Radiohead,Foo Fighters
Radiohead,Franz Ferdinand
Radiohead,Muse
Radiohead,Oasis
Radiohead,Pink Floyd
Radiohead,Placebo
Radiohead,Red Hot Chili Peppers
Radiohead,The Cure
Radiohead,The Killers
Radiohead,The Smiths
Radiohead,The Strokes
Red Hot Chili Peppers,Coldplay
Red Hot Chili Peppers,Muse
Red Hot Chili Peppers,The Killers
Snow Patrol,Muse
System of a Down,Metallica
The Beatles,Arctic Monkeys
The Beatles,Coldplay
The Beatles,Franz Ferdinand
The Beatles,Lady Gaga
The Beatles,Muse
The Beatles,Nirvana
The Beatles,Oasis
The Beatles,Pink Floyd
The Beatles,Queen
The Beatles,Radiohead
The Beatles,Red Hot Chili Peppers
The Beatles,The Killers
The Beatles,The Rolling Stones
The Beatles,The Smiths
The Beatles,The Strokes
The Cure,Muse
The Cure,The Smiths
The Strokes,The Killers
